name	size	nef	nef_vps256	nef_vps512	nef_time	bunny	bunny_vps512	lucy	sample
pt_t105_l194	108412	150190 300376	0.94463579482	0.921717013233	20.392	1942 3880	0.946045615133	15656 31306	8 12
pt_t105_l198	108412	150190 300376	0.94463579482	0.921717013233	21.167	1942 3880	0.946045615133	15656 31306	8 12
pt_t115_l194	108412	150190 300376	0.94463579482	0.921717013233	21.846	1942 3880	0.946045615133	15656 31306	8 12
pt_t115_l198	108412	150190 300376	0.94463579482	0.921717013233	21.447	1942 3880	0.946045615133	15656 31306	8 12
pt_t125_l194	108412	150190 300376	0.94463579482	0.921717013233	20.287	1942 3880	0.946045615133	15656 31306	8 12
pt_t125_l198	108412	150190 300376	0.94463579482	0.921717013233	22.601	1942 3880	0.946045615133	15656 31306	8 12
pt_t135_l194	108412	150190 300376	0.94463579482	0.921717013233	20.589	1942 3880	0.946045615133	15656 31306	8 12
pt_t135_l198	108412	150190 300376	0.94463579482	0.921717013233	21.883	1942 3880	0.946045615133	15656 31306	8 12
